<?xml version="1.0" encoding="UTF-8"?>
<GenRun Id="iram2_synth_1" LaunchPart="xc7a100tcsg324-1" LaunchTime="1716193315">
  <File Type="PA-TCL" Name="iram2.tcl"/>
  <File Type="REPORTS-TCL" Name="iram2_reports.tcl"/>
  <File Type="RDS-RDS" Name="iram2.vds"/>
  <File Type="RDS-UTIL" Name="iram2_utilization_synth.rpt"/>
  <File Type="RDS-UTIL-PB" Name="iram2_utilization_synth.pb"/>
  <File Type="RDS-DCP" Name="iram2.dcp"/>
  <FileSet Name="sources" Type="BlockSrcs" RelSrcDir="$PSRCDIR/iram2">
    <File Path="$PSRCDIR/sources_1/ip/iram2/iram2.xci">
      <FileInfo>
        <Attr Name="UsedIn" Val="synthesis"/>
        <Attr Name="UsedIn" Val="implementation"/>
        <Attr Name="UsedIn" Val="simulation"/>
      </FileInfo>
    </File>
    <Config>
      <Option Name="TopModule" Val="iram2"/>
      <Option Name="UseBlackboxStub" Val="1"/>
    </Config>
  </FileSet>
  <FileSet Name="constrs_in" Type="BlockSrcs" RelSrcDir="$PSRCDIR/iram2">
    <File Path="$PSRCDIR/sources_1/ip/iram2/iram2.xci">
      <FileInfo>
        <Attr Name="UsedIn" Val="synthesis"/>
        <Attr Name="UsedIn" Val="implementation"/>
        <Attr Name="UsedIn" Val="simulation"/>
      </FileInfo>
    </File>
    <Config>
      <Option Name="TopModule" Val="iram2"/>
      <Option Name="UseBlackboxStub" Val="1"/>
    </Config>
  </FileSet>
  <Strategy Version="1" Minor="2">
    <StratHandle Name="Vivado Synthesis Defaults" Flow="Vivado Synthesis 2018"/>
    <Step Id="synth_design"/>
  </Strategy>
</GenRun>
