<?xml version="1.0" encoding="UTF-8"?>
<GenRun Id="iram_ip_synth_1" LaunchPart="xc7a100tcsg324-1" LaunchTime="1716106536">
  <File Type="PA-TCL" Name="iram_ip.tcl"/>
  <File Type="REPORTS-TCL" Name="iram_ip_reports.tcl"/>
  <File Type="RDS-RDS" Name="iram_ip.vds"/>
  <File Type="RDS-UTIL" Name="iram_ip_utilization_synth.rpt"/>
  <File Type="RDS-UTIL-PB" Name="iram_ip_utilization_synth.pb"/>
  <File Type="RDS-DCP" Name="iram_ip.dcp"/>
  <FileSet Name="sources" Type="BlockSrcs" RelSrcDir="$PSRCDIR/iram_ip">
    <File Path="$PSRCDIR/sources_1/ip/iram_ip/iram_ip.xci">
      <FileInfo>
        <Attr Name="UsedIn" Val="synthesis"/>
        <Attr Name="UsedIn" Val="implementation"/>
        <Attr Name="UsedIn" Val="simulation"/>
      </FileInfo>
    </File>
    <Config>
      <Option Name="TopModule" Val="iram_ip"/>
      <Option Name="UseBlackboxStub" Val="1"/>
    </Config>
  </FileSet>
  <FileSet Name="constrs_in" Type="BlockSrcs" RelSrcDir="$PSRCDIR/iram_ip">
    <File Path="$PSRCDIR/sources_1/ip/iram_ip/iram_ip.xci">
      <FileInfo>
        <Attr Name="UsedIn" Val="synthesis"/>
        <Attr Name="UsedIn" Val="implementation"/>
        <Attr Name="UsedIn" Val="simulation"/>
      </FileInfo>
    </File>
    <Config>
      <Option Name="TopModule" Val="iram_ip"/>
      <Option Name="UseBlackboxStub" Val="1"/>
    </Config>
  </FileSet>
  <Strategy Version="1" Minor="2">
    <StratHandle Name="Vivado Synthesis Defaults" Flow="Vivado Synthesis 2018"/>
    <Step Id="synth_design"/>
  </Strategy>
</GenRun>
